Navio,Docagem,Tipo
Victor Oliveira,6/30/2023,Especial
Thiago Fernandes,1/18/2023,Especial
Romario Silva,5/18/2023,Especial
Rodrigo Pinheiro,8/26/2024,Especial
Ricardo Barbosa,10/6/2021,Especial
Renato Gomes,1/7/2024,Especial
Rafael Santos,7/8/2022,Especial
Paulo Moura,1/21/2021,Especial
Maria Valentina,4/28/2022,Especial
Marcos Cavalcanti,5/8/2021,Especial
Lucas Mendonça,2/13/2024,Especial
Henrique Alves,11/9/2022,Especial
Giselle Carvalho,5/30/2020,Especial
Giselle Carvalho,3/22/2025,Especial
Gabriela Martins,4/13/2024,Especial
Felipe Ribeiro,1/10/2019,Especial
Felipe Ribeiro,6/20/2024,Especial
Fábio Santos,2/9/2022,Especial
Eduardo Costa,2/14/2022,Especial
Daniel Pereira,9/13/2023,Especial
Carla Silva,2/26/2024,Especial
Bruno Lima,9/18/2021,Especial
Raul Martins,10/16/2020,Especial
Raul Martins,5/10/2025,Especial
Paulo Moura,11/1/2025,Especial
Ricardo Barbosa,10/6/2025,Especial